name,pid,peakTPE
Violet Stoica,1301,0
Demir Bellona,1289,0
Slava-Ukraini Heroyam-Slava,1271,0
Ongo Gablogian,1267,0
Pinli Switchbang,1259,0
Literally Wizard,1253,0
Teemu Salami,1246,0
Edouard Lavoie,1243,0
Journey Man,1242,0
Song Ju-gong,1235,0
Troy McClure IIII,1218,0
Céleste Desjardins,1202,0
Marek Carda,1195,0
Leonard Wood,1192,0
Juan Tymer,1190,0
Langston Hardison-Laurent,1185,0
Squidwardo Tentaclés,1180,0
Kaarlo Koivunen,1177,0
Shadow Fenix,1173,0
Frøya Solberg,1172,0
Sonja Solberg,1171,0
Mikkel Enevoldsen,1159,0
Rodrigo Banes,1154,0
Bernard Lodge,1092,0
Brick Wall,1033,0
Shawn Pawn,658,0
John Peanut,654,0
Emil Karlsson,649,0
Dag-Otto Björntjänst,645,0
Cal Juice,644,0
Will Tomlander,643,0
Gordon-William Gibbles,637,0
Kristian Seppanen,623,0
Ho Lee-Smokes,618,0
Prince Marius,613,0
Sad Ketchup,612,0
Brooklyn Physt,608,0
Guy Incognito,606,0
Rence Sykut,604,0
Jae-ik Barron,601,0
Dunkler Sowerwine,600,0
Jani Mänty,594,0
Jussi Mutou,590,0
Ubba Lodbrok,583,0
Mac Turner,577,0
Xavier Beausoleil,575,0
Lily Jin Morrow,573,0
Betzee Nickelback,569,0
Florian Söderberg-Motyla,568,0
Westley Kirkpatrick,557,0
Jaromir Jagrbomb,547,0
Zedward Zilliams,544,0
Alexandros Mograine,528,0
Trevor Lahey,496,0
Furious Chicken,471,0
Logan Webb,462,0
Dominik Winters,426,0
Isaac Forty-One,242,0
