name,pid,peakTPE,change
Frøya Solberg,1172,2198,
Adam Prpich,225,2160,
Justin Time,1038,2138,
Jani Mänty,594,2136,
M'Baku Olubori,151,2135,
Nathaniel Barca,282,2134,
Jack St. Clair,222,2134,
Erik Bergmark,269,2131,
San-sam Emerson,126,2126,
Mads McBride,134,2125,
Chris Valentine,286,2123,
Georg N'Zola,338,2121,
Cale Salad,273,2119,
Ricky Koivu,167,2118,
Zedward Zilliams,544,2117,
Lias Ekholm-Gunnarsson,122,2117,
Furious Chicken,471,2116,
Oskar Scholz,291,2116,
Anthony Dionne,1047,2115,
Nash Topalo,280,2109,
Guy Incognito,606,2106,
Kristian Seppanen,623,2105,
Viktor Hargreeves,261,2105,
Ben Jammin,113,2105,
Mikko Rashford,110,2105,
Nevek Kove,248,2103,
Lord Farquaads,156,2103,
Red Kirkby,135,2102,
Betzee Nickelback,569,2101,
Pass Forfeit,186,2098,
Jay O'Neil,116,2096,
Jarrod Lakemore,256,2095,
Jaromir Jagrbomb,547,2093,
Luke Laraque,153,2093,
Tibuk Soonika,1070,2092,
Benson Fiorentini,207,2092,
Sonja Solberg,1171,2091,
Xavier Beausoleil,575,2090,
Lester Oiduser,285,2090,
Antonio Flusso,241,2090,
Philippe-Eko Eel,219,2090,
Rikkert Biemans,191,2090,
Jae-ik Barron,601,2089,
Billy Herrington,333,2086,
Langston Hardison-Laurent,1185,2085,
John Brown,274,2085,
Logan Webb,462,2084,
Céleste Desjardins,1202,2083,
"Rhett ""Shaggy"" Carpet",1071,2083,
Shawn Pawn,658,2082,
Elena Maximova,392,2082,
Tony Soprano,361,2082,
Trevor Lahey,496,2080,
Hodor,239,2079,
Benjamin Surkhi-Ze'ev,162,2079,
Sophie Bordeleau,172,2076,
Marek Carda,1195,2074,
Ace Lightning,386,2074,
Ekaterina Valieva,265,2074,
Shōyō Hinata,104,2073,
Binko Koivu,145,2072,
Graj Virrok,209,2071,
Jack McCarthy,343,2070,
Axel Kirby,234,2070,
Brick Wall,1033,2069,
Toasty,281,2068,
Ho Lee-Smokes,618,2067,
Dunkler Sowerwine,600,2067,
Squidwardo Tentaclés,1180,2065,
Jay Bryzi,451,2061,
Evan Winter,130,2061,
Seamus O'Slapahan,188,2059,
Willow Söderberg-Snooks,391,2058,
Antoine Beauregard,292,2058,
Derek Martin,263,2058,
Jussi Mutou,590,2057,
Alexandros Mograine,528,2057,
Marton Diehm,258,2056,
Meta Knight,228,2056,
Rebecca Montagne,1034,2055,
Sydney Shaw,383,2055,
Will Tomlander,643,2053,
Juan Tymer,1190,2051,
Lily Jin Morrow,573,2050,
Isaac Forty-One,242,2049,
Shadow Fenix,1173,2047,
Prince Marius,613,2047,
Teemu Salami,1246,2045,↑12
Florian Söderberg-Motyla,568,2042,
Spack Jarrow,102,2042,
Luca Pane,298,2039,
Pork Tenderloin,331,2037,
Troy McClure IIII,1218,2036,
Julian Flörsch,217,2036,
BASE PACK,1043,2035,
Emil Egli,215,2034,
Mercedes Baylé,418,2033,
Dag-Otto Björntjänst,645,2032,
Westley Kirkpatrick,557,2031,
Ivan Lacksamus,120,2031,
Eggward Elric,196,2030,
Adam Liebold,260,2029,
Edouard Lavoie,1243,2027,↑11
Song Ju-gong,1235,2027,↑11
Peter Tingle,293,2025,
Reed Kobo,155,2025,
Dirty Boots,114,2023,
Sad Ketchup,612,2022,
Slava-Ukraini Heroyam-Slava,1271,2021,↑7
Louise St. Martin,150,2021,
Mikkel Enevoldsen,1159,2018,
Demir Bellona,1289,2017,↑5
Tom Pedersen,193,2017,
Gnabe Dabson,390,2016,
Aksel Fiske,107,2015,
Bernard Lodge,1092,2014,
Dominik Winters,426,2014,
Leonard Wood,1192,2002,
Yannick Svoboda,108,2002,
